{
  "type": "farmersdelight:cutting",
  "ingredients": [
    {
      "item": "pastel:ebony_noxcap_stem"
    }
  ],
  "tool": {
    "type": "farmersdelight:item_ability",
    "action": "axe_strip"
  },
  "result": [
    {
      "item": {
        "count": 1,
        "id": "pastel:stripped_ebony_noxcap_stem"
      }
    },
    {
      "item": {
        "count": 1,
        "id": "pastel:myceylon"
      }
    }
  ],
  "sound": {
    "sound_id": "minecraft:item.axe.strip"
  }
}
