{
  "type": "farmersdelight:cutting",
  "ingredients": [
    {
      "item": "pastel:white_log"
    }
  ],
  "tool": {
    "type": "farmersdelight:item_ability",
    "action": "axe_strip"
  },
  "result": [
    {
      "item": {
        "count": 1,
        "id": "pastel:stripped_white_log"
      }
    },
    {
      "item": {
        "count": 1,
        "id": "farmersdelight:tree_bark"
      }
    },
    {
      "item": {
        "count": 5,
        "id": "pastel:white_pigment"
      }
    }
  ],
  "sound": {
    "sound_id": "minecraft:item.axe.strip"
  }
}
