{
  "implemented": true,
  "nationalPokedexNumber": 1000,
  "name": "Gholdengo",
  "primaryType": "steel",
  "secondaryType": "ghost",
  "maleRatio": -1,
  "height": 12,
  "weight": 300,
  "pokedex": [
    "cobblemon.species.gholdengo.desc"
  ],
  "labels": [
    "gen9"
  ],
  "aspects": [],
  "abilities": [
    "goodasgold",
    "h:goodasgold"
  ],
  "eggGroups": [
    "undiscovered"
  ],
  "baseStats": {
    "hp": 87,
    "attack": 60,
    "defence": 95,
    "special_attack": 133,
    "special_defence": 91,
    "speed": 84
  },
  "evYield": {
    "hp": 0,
    "attack": 0,
    "defence": 0,
    "special_attack": 2,
    "special_defence": 0,
    "speed": 0
  },
  "baseExperienceYield": 275,
  "experienceGroup": "slow",
  "catchRate": 45,
  "eggCycles": 50,
  "baseFriendship": 50,
  "baseScale": 0.8,
  "hitbox": {
    "width": 0.85,
    "height": 2.15,
    "fixed": false
  },
  "behaviour": {
    "resting": {
      "canSleep": true,
      "light": "0-4",
      "times": [
        "any"
      ],
      "drowsyChance": 0.0014,
      "rouseChance": 0.0042
    },
    "moving": {
      "walk": {
        "walkSpeed": 0.25
      },
      "swim": {
        "swimSpeed": 0.35,
        "avoidsWater": true
      },
      "fly": {
        "canFly": true
      }
    },
    "combat": {
      "willDefendSelf": true,
      "willDefendOwner": true,
      "willFlee": false
    }
  },
  "drops": {
    "amount": 3,
    "entries": [
      {
        "item": "cobblemon:relic_coin",
        "quantityRange": "1-3"
      }
    ]
  },
  "moves": [
    "1:tackle",
    "1:astonish",
    "7:nightshade",
    "14:confuseray",
    "21:substitute",
    "28:metalsound",
    "35:shadowball",
    "42:recover",
    "49:powergem",
    "56:makeitrain",
    "63:nastyplot",
    "70:memento",
    "tm:chargebeam",
    "tm:confuseray",
    "tm:dazzlinggleam",
    "tm:electroball",
    "tm:endure",
    "tm:flashcannon",
    "tm:fling",
    "tm:focusblast",
    "tm:focuspunch",
    "tm:gigaimpact",
    "tm:heavyslam",
    "tm:hex",
    "tm:hyperbeam",
    "tm:ironhead",
    "tm:lightscreen",
    "tm:lowkick",
    "tm:lowsweep",
    "tm:metalsound",
    "tm:nastyplot",
    "tm:nightshade",
    "tm:poltergeist",
    "tm:powergem",
    "tm:protect",
    "tm:psychic",
    "tm:psyshock",
    "tm:reflect",
    "tm:rest",
    "tm:sandstorm",
    "tm:shadowball",
    "tm:sleeptalk",
    "tm:steelbeam",
    "tm:substitute",
    "tm:takedown",
    "tm:terablast",
    "tm:thief",
    "tm:thunder",
    "tm:thunderbolt",
    "tm:thunderpunch",
    "tm:thunderwave",
    "tm:trick",
    "tutor:chargebeam",
    "tutor:dazzlinggleam",
    "tutor:flashcannon",
    "tutor:focuspunch",
    "tutor:gigaimpact",
    "tutor:hyperbeam",
    "tutor:ironhead",
    "tutor:lowkick",
    "tutor:poltergeist",
    "tutor:psychic",
    "tutor:rest",
    "tutor:shadowball",
    "tutor:sleeptalk",
    "tutor:steelbeam",
    "tutor:thunderbolt",
    "tutor:thunderpunch",
    "tutor:trick"
  ],
  "preEvolution": "gimmighoul",
  "evolutions": []
}

