{
  "implemented": true,
  "nationalPokedexNumber": 999,
  "name": "Gimmighoul",
  "primaryType": "ghost",
  "maleRatio": -1,
  "height": 3,
  "weight": 50,
  "pokedex": [
    "cobblemon.species.gimmighoul.desc"
  ],
  "labels": [
    "gen9"
  ],
  "aspects": [],
  "abilities": [
    "rattled",
    "h:rattled"
  ],
  "eggGroups": [
    "undiscovered"
  ],
  "baseStats": {
    "hp": 45,
    "attack": 30,
    "defence": 70,
    "special_attack": 75,
    "special_defence": 70,
    "speed": 10
  },
  "evYield": {
    "hp": 0,
    "attack": 0,
    "defence": 0,
    "special_attack": 1,
    "special_defence": 0,
    "speed": 0
  },
  "baseExperienceYield": 60,
  "experienceGroup": "slow",
  "catchRate": 45,
  "eggCycles": 50,
  "baseFriendship": 50,
  "features": [
    "minecraft"
  ],
  "baseScale": 1,
  "hitbox": {
    "width": 1,
    "height": 1.15,
    "fixed": false
  },
  "behaviour": {
    "moving": {
      "walk": {
        "walkSpeed": 0.15
      },
      "swim": {
        "swimSpeed": 0.1,
        "avoidsWater": true
      },
      "wanderChance": 500
    },
    "resting": {
      "canSleep": true,
      "light": "0-4",
      "times": [
        "any"
      ],
      "drowsyChance": 0.0014,
      "rouseChance": 0.0042
    },
    "combat": {
      "willDefendSelf": true,
      "willFlee": false
    }
  },
  "drops": {
    "amount": 3,
    "entries": [
      {
        "item": "cobblemon:relic_coin",
        "quantityRange": "1-3"
      }
    ]
  },
  "moves": [
    "1:astonish",
    "1:tackle",
    "tm:confuseray",
    "tm:endure",
    "tm:hex",
    "tm:lightscreen",
    "tm:nastyplot",
    "tm:nightshade",
    "tm:powergem",
    "tm:protect",
    "tm:reflect",
    "tm:rest",
    "tm:shadowball",
    "tm:sleeptalk",
    "tm:substitute",
    "tm:takedown",
    "tm:terablast",
    "tm:thief",
    "tutor:rest",
    "tutor:shadowball",
    "tutor:sleeptalk"
  ],
  "evolutions": [
    {
      "id": "gimmighoul_gholdengo",
      "variant": "level_up",
      "result": "gholdengo",
      "consumeHeldItem": false,
      "learnableMoves": [],
      "requirements": [
        {
          "variant": "properties",
          "target": "gimmighoul gimmighoul_coins=999"
        }
      ]
    },
    {
      "id": "gimmighoul_gholdengonetherite1",
      "variant": "level_up",
      "result": "gholdengo netherite_coating=stage1",
      "consumeHeldItem": false,
      "learnableMoves": [],
      "requirements": [
        {
          "variant": "properties",
          "target": "gimmighoul gimmighoul_coins=999"
        },
        {
          "variant": "property_range",
          "range": "32-63",
          "feature": "gimmighoul_netherite"
        }
      ]
    },
    {
      "id": "gimmighoul_gholdengonetherite2",
      "variant": "level_up",
      "result": "gholdengo netherite_coating=stage2",
      "consumeHeldItem": false,
      "learnableMoves": [],
      "requirements": [
        {
          "variant": "properties",
          "target": "gimmighoul gimmighoul_coins=999"
        },
        {
          "variant": "property_range",
          "range": "64-95",
          "feature": "gimmighoul_netherite"
        }
      ]
    },
    {
      "id": "gimmighoul_gholdengonetherite3",
      "variant": "level_up",
      "result": "gholdengo netherite_coating=stage3",
      "consumeHeldItem": false,
      "learnableMoves": [],
      "requirements": [
        {
          "variant": "properties",
          "target": "gimmighoul gimmighoul_coins=999"
        },
        {
          "variant": "property_range",
          "range": "96-127",
          "feature": "gimmighoul_netherite"
        }
      ]
    },
    {
      "id": "gimmighoul_gholdengonetherite4",
      "variant": "level_up",
      "result": "gholdengo netherite_coating=stage4",
      "consumeHeldItem": false,
      "learnableMoves": [],
      "requirements": [
        {
          "variant": "properties",
          "target": "gimmighoul gimmighoul_coins=999"
        },
        {
          "variant": "property_range",
          "range": "128-159",
          "feature": "gimmighoul_netherite"
        }
      ]
    },
    {
      "id": "gimmighoul_gholdengonetherite5",
      "variant": "level_up",
      "result": "gholdengo netherite_coating=stage5",
      "consumeHeldItem": false,
      "learnableMoves": [],
      "requirements": [
        {
          "variant": "properties",
          "target": "gimmighoul gimmighoul_coins=999"
        },
        {
          "variant": "property_range",
          "range": "160-191",
          "feature": "gimmighoul_netherite"
        }
      ]
    },
    {
      "id": "gimmighoul_gholdengonetherite6",
      "variant": "level_up",
      "result": "gholdengo netherite_coating=stage6",
      "consumeHeldItem": false,
      "learnableMoves": [],
      "requirements": [
        {
          "variant": "properties",
          "target": "gimmighoul gimmighoul_coins=999"
        },
        {
          "variant": "property_range",
          "range": "192-223",
          "feature": "gimmighoul_netherite"
        }
      ]
    },
    {
      "id": "gimmighoul_gholdengonetherite7",
      "variant": "level_up",
      "result": "gholdengo netherite_coating=stage7",
      "consumeHeldItem": false,
      "learnableMoves": [],
      "requirements": [
        {
          "variant": "properties",
          "target": "gimmighoul gimmighoul_coins=999"
        },
        {
          "variant": "property_range",
          "range": "224-255",
          "feature": "gimmighoul_netherite"
        }
      ]
    },
    {
      "id": "gimmighoul_gholdengonetherite8",
      "variant": "level_up",
      "result": "gholdengo netherite_coating=full",
      "consumeHeldItem": false,
      "learnableMoves": [],
      "requirements": [
        {
          "variant": "properties",
          "target": "gimmighoul gimmighoul_coins=999"
        },
        {
          "variant": "properties",
          "target": "gimmighoul gimmighoul_netherite=256"
        }
      ]
    }
  ],
  "forms": [
    {
      "name": "Roaming",
      "primaryType": "ghost",
      "maleRatio": -1,
      "height": 1,
      "weight": 1,
      "pokedex": [
        "cobblemon.species.gimmighoul-roaming.desc"
      ],
      "labels": [
        "gen9"
      ],
      "aspects": [
        "roaming"
      ],
      "abilities": [
        "runaway",
        "h:runaway"
      ],
      "baseStats": {
        "hp": 45,
        "attack": 30,
        "defence": 25,
        "special_attack": 75,
        "special_defence": 45,
        "speed": 80
      },
      "shoulderMountable": true,
      "baseScale": 0.7,
      "hitbox": {
        "width": 0.6,
        "height": 0.8,
        "fixed": false
      },
      "behaviour": {
        "moving": {
          "walk": {
            "walkSpeed": 0.3
          },
          "swim": {
            "swimSpeed": 0.3,
            "avoidsWater": true
          },
          "wanderChance": 500
        },
        "resting": {
          "canSleep": true,
          "light": "0-4",
          "willSleepOnBed": true,
          "times": [
            "any"
          ],
          "drowsyChance": 0.0014,
          "rouseChance": 0.0042
        },
        "herd": {
          "maxSize": "4",
          "toleratedLeaders": [
            {
              "pokemon": "gimmighoul roaming",
              "tier": 1
            }
          ]
        },
        "combat": {
          "willDefendOwner": true
        }
      },
      "drops": {
        "amount": 1,
        "entries": [
          {
            "item": "cobblemon:relic_coin"
          }
        ]
      },
      "evolutions": [
        {
          "id": "gimmighoul_gholdengo",
          "variant": "level_up",
          "result": "gholdengo",
          "consumeHeldItem": false,
          "learnableMoves": [],
          "requirements": [
            {
              "variant": "properties",
              "target": "gimmighoul gimmighoul_coins=999"
            }
          ]
        },
        {
          "id": "gimmighoul_gholdengonetherite1",
          "variant": "level_up",
          "result": "gholdengo netherite_coating=stage1",
          "consumeHeldItem": false,
          "learnableMoves": [],
          "requirements": [
            {
              "variant": "properties",
              "target": "gimmighoul gimmighoul_coins=999"
            },
            {
              "variant": "property_range",
              "range": "32-63",
              "feature": "gimmighoul_netherite"
            }
          ]
        },
        {
          "id": "gimmighoul_gholdengonetherite2",
          "variant": "level_up",
          "result": "gholdengo netherite_coating=stage2",
          "consumeHeldItem": false,
          "learnableMoves": [],
          "requirements": [
            {
              "variant": "properties",
              "target": "gimmighoul gimmighoul_coins=999"
            },
            {
              "variant": "property_range",
              "range": "64-95",
              "feature": "gimmighoul_netherite"
            }
          ]
        },
        {
          "id": "gimmighoul_gholdengonetherite3",
          "variant": "level_up",
          "result": "gholdengo netherite_coating=stage3",
          "consumeHeldItem": false,
          "learnableMoves": [],
          "requirements": [
            {
              "variant": "properties",
              "target": "gimmighoul gimmighoul_coins=999"
            },
            {
              "variant": "property_range",
              "range": "96-127",
              "feature": "gimmighoul_netherite"
            }
          ]
        },
        {
          "id": "gimmighoul_gholdengonetherite4",
          "variant": "level_up",
          "result": "gholdengo netherite_coating=stage4",
          "consumeHeldItem": false,
          "learnableMoves": [],
          "requirements": [
            {
              "variant": "properties",
              "target": "gimmighoul gimmighoul_coins=999"
            },
            {
              "variant": "property_range",
              "range": "128-159",
              "feature": "gimmighoul_netherite"
            }
          ]
        },
        {
          "id": "gimmighoul_gholdengonetherite5",
          "variant": "level_up",
          "result": "gholdengo netherite_coating=stage5",
          "consumeHeldItem": false,
          "learnableMoves": [],
          "requirements": [
            {
              "variant": "properties",
              "target": "gimmighoul gimmighoul_coins=999"
            },
            {
              "variant": "property_range",
              "range": "160-191",
              "feature": "gimmighoul_netherite"
            }
          ]
        },
        {
          "id": "gimmighoul_gholdengonetherite6",
          "variant": "level_up",
          "result": "gholdengo netherite_coating=stage6",
          "consumeHeldItem": false,
          "learnableMoves": [],
          "requirements": [
            {
              "variant": "properties",
              "target": "gimmighoul gimmighoul_coins=999"
            },
            {
              "variant": "property_range",
              "range": "192-223",
              "feature": "gimmighoul_netherite"
            }
          ]
        },
        {
          "id": "gimmighoul_gholdengonetherite7",
          "variant": "level_up",
          "result": "gholdengo netherite_coating=stage7",
          "consumeHeldItem": false,
          "learnableMoves": [],
          "requirements": [
            {
              "variant": "properties",
              "target": "gimmighoul gimmighoul_coins=999"
            },
            {
              "variant": "property_range",
              "range": "224-255",
              "feature": "gimmighoul_netherite"
            }
          ]
        },
        {
          "id": "gimmighoul_gholdengonetherite8",
          "variant": "level_up",
          "result": "gholdengo netherite_coating=full",
          "consumeHeldItem": false,
          "learnableMoves": [],
          "requirements": [
            {
              "variant": "properties",
              "target": "gimmighoul gimmighoul_coins=999"
            },
            {
              "variant": "properties",
              "target": "gimmighoul gimmighoul_netherite=256"
            }
          ]
        }
      ],
      "battleOnly": false
    }
  ]
}
